{
  "random_forest": {
    "best_params": {
      "max_depth": 10,
      "min_samples_split": 2,
      "n_estimators": 100
    },
    "best_score": 0.9399969847731042,
    "test_accuracy": 0.9792463134898962
  }
}